Scaled. Acc (mg) [ -00144.066,  .56 ], Mag (uT) [ -.9 0000600043.004 ]0000000076500 000263 ]0016.05007.5 ], Tmp (C) [ 
7,  00007.32, -00976-00001.00,  00002.000.92 ], Mag (uT) [ -00016.05,  00006.45, -000Scaled. Acc (mg) [ -00136.2001.45, 00100085,  2026.78 ]
00014.65, -00 ], Gyr (DPS) [ -00000002.80000.20 ], Mag (uT) [ -00015.6000.70045. 093 ]
.11,  00006. ], Gyr (DPS) [ -00000.97,  00005.63, -00003.34 ], Mag (uT) [ -00016.20,  0000, -000448500026.9Scaled. Acc (mg) [ -00127.93,  00001.46, -00973.140.11,  02.2316.958.00.126.
0000.00, -00961.00000.71,  00002.74, -000034 ], Mag (uT) [ -00016.80,  000070, -00044.70 ], Tmp (C) [  00027.02 ]
,  00000.49, -00965.82 ], Gyr (DPS) [  00001.34, -00000.19,  00000.11 ], Mag (uT) [ -00017.70, 8.85, -05 ], Tmp (C) [  00026.83 ]Scaled. Acc (mg) [ -00140.14, 8, -00972.6-00000.30,  00001.0-000052 ], Mag (uT) [ 095,  0065, -00.55 ], Tmp (C) [  Scaled. Acc (mg) [ -004.8800958., -00005,  00001.26 ], Mag (uT) [ -00017.10,  00008.25, -0004400026.83 ]
32,  00010.74, -00966.31 ], Gyr (DPS) [  000.33, 0.05,  000053 ], Mag (uT) [ -00016.20,  0000, -00044.10 ], Tmp (C) [  00. ]
Scaled. Acc (mg) [ -00139.65,  00007.81, -00960.45 ], Gyr (DPS) [  00000.00,  00001.27,  000044 ], Mag (uT) [ -00015.15,  00008.40, -00044.8 ], Tmp (C) [  000 ]
Scaled. Acc (mg) [ -00124.51,  00012.21, -00971.19 ], Gyr (DPS) [ -0003,  00000.83 ], Mag (uT) [ -00.35,  00008.25, -000450 ], Tmp (C) [  00026.78 ]
5,  00018.07, -00979.49 ], Gyr (DPS) [ -00001.37,  00001.48, -000025 ], Mag (uT) [ -00016.35,  00007.50, -0070 ], Tmp (C) [  00026.9Scaled. Acc (mg) [ -00136.72, -000.93, -00967.77 ], Gyr (DPS) [  00001.16, -001.05, 000.41 ], Mag (uT) [ -00015.60,  000075, -00043.95 ], Tmp (C) [ .83Scaled. Acc (mg) [ -00135.25,  00009.77, -00962.40 ], Gyr (DPS) [ -00001.80,  00001.479 ], Mag (uT) [ -00016.50,  00007.35, -00043.35 ], Tmp (C) [  00026.3 ]
Scaled. Acc (mg) [ -00134.77,  00006.84, -00962.40 ], Gyr (DPS) [ -00000.19,  00002.70, 75 ], Mag (uT) [ -00016.35, .25, -00075 ], Tmp (C) [  00026.7Scaled. Acc (mg) [ -00141.60,  00004.88, -00962.89 ], Gyr (DPS) [  00000.87,  00001.00, -00001.64 ], Mag (uT) [ -00090,  00044.55 ], Tmp (C) [  00027.02Scaled. Acc (mg) [ -00131.84,  00006.84, -00978.03 ], Gyr (DPS) [  00001.60, -00000.724.34 ], Mag (uT) [ -00015.4500008.10, -00044.85 ], Tmp (C) [  00026.83Scaled. Acc (mg) [ -00133.79,  000.42, -00970.70 ], Gyr (DPS) [  00000.37,  00002.37,  00001.66 ], Mag (uT) [ -00016.20, 8.85, -00044.10 ], Tmp (C) [  00026.74Scaled. Acc (mg) [ -00134.28,  00004.88, -00965.82 ], Gyr (DPS) [  00001.40,  00000.,  00003.12 ], Mag (uT) [ 9 00007.95, -045.45 ], Tmp (C) [  26.83Scaled. Acc (mg) [ -00151.37,  00007.32, -00971.19 ], Gyr (DPS) [ -00000.38,  00002., -00000.28 ], Mag (uT) [ -00015,  007.500045.45 ], Tmp (C) [  000Scaled. Acc (mg) [ -0000004.39, 00001.24,  00001.21, -00000.53 ], Mag (uT) [ 016.35,  00008., -00044.25 ], Tmp (C) [ 078 ]
4,  00010.25, -00970.70 ], Gyr (DPS) [ -00000.71, 003.02, -000.12 ], Mag (uT) [ -00017.10,  00007.20, -00045.00 ], Tmp (C) [  00026.78Scaled. Acc (mg) [ -00140.14,  00014.16, -00955.57 ], Gyr (DPS) [ -00000.89,  02.2002.1900015.60,  00007.50, -00045 ], Tmp (C) [  00026.9
Scaled. Acc (mg) [ -00139.32, -00968.75.63,  00000.9543500007.95, -00046.2 00026.
Scaled. Acc (mg) [ -00140.14 00006.35, -973.14 ], Gyr (DPS) [ -00000.40,  00003.02, -00001.42 ], Mag (uT) [ -00015.30, 00-00043.9 00027.1
Scaled. Acc (mg) [ -00137.70,  00006.84, -00974.12 ], Gyr (DPS) [  00000.69,  00002.15,  .21 ], Mag (uT) [ -00016.50,  00006.9-00045.6 026.8Scaled. Acc (mg) [ -00137.21, -00001.46, -00966.80 ], Gyr (DPS) [  00001.34, -00000.22,  .50 ], Mag (uT) [ -00014.40,  00007.35, -00060 ], Tmp (C) [  00026.93 ]Scaled. Acc (mg) [ -00,  000-00962.40 ], Gyr (DPS) [  00001.70.40, 00 ], Mag (uT) [ -00015.456.90, -00044.85 ], Tmp (C) [  026.83 ]
Scaled. Acc (mg) [ -00144.53, 0019.53, -00964.84 ], Gyr (DPS) [  00000.91,  00003.84, -00001.48 ], Mag (uT) [ -00017.00007-00044.70 ], Tmp (C) [  004 ]
Scaled. Acc (mg) [ -00145.51,  00000.98, -00962.89 ], Gyr (DPS) [ -00000.15,  00002.76, -00000.1115.90,  00007.65, -00045.1027. ]
Scaled. Acc (mg) [ -00135.25,  00000.49, -00961.91 ], Gyr (DPS) [ -00000.33,  00003.89,  00000.09 ], Mag (uT) [ -00015.15,  00007.35, -00045.60 ], Tmp (C) [  00026.74 ]
9,  000.00, -00966.31 ], Gyr (DPS) [  00001.45, -00001.0600002.01 ], Mag (uT) [ 15.60,  00007.95, -00044.70 ], Tmp (C) [ 93 ]
Scaled. Acc (mg) [ -00139.65, 0005., -00969.240.75,  00004,  00001.62 ], Mag (uT) [ - 0000, -000 093Scaled. Acc (mg) [ -00135.2535, -00969.73 ], Gyr (DPS) [  00001.31,  00001.41, -.24 ], Mag (uT) [ -00016.00020, -00045.45 ], Tmp (C) [  00027.17 ]Scaled. Acc (mg) [ -00129.88, -00001.95, -00963.02.15,  00001.18, 000.28 ], Mag (uT) [ -00015. 00006.45, .25 ], Tmp (C) [  26.74 ]
Scaled. Acc (mg) [ -00135.74,  00006.35, -00958.98 ], Gyr (DPS) [ -00000.44,  00002.11,  00000.97 ], Mag (uT) [ -00015.60,  00009.00, -00043.95 ], Tmp (C) [  00027.02 ]
Scaled. Acc (mg) [ -00133 00008.79, -00957.03 ], Gyr (DPS) [ -00001.33,  000023, -000046 ], Mag (uT) [ 016.20,  00007.65, 0045.15 ], Tmp (C) [  00027.12 ]Scaled. Acc (mg) [ -00134.28,  00011.23, -00956.54 ], Gyr (DPS) [ -00000.49,  00002.95, -00000.51 ], Mag (uT) [ -00015.60,  00007.20-000 0026.9
.88, 5, -00962.89 ], Gyr (DPS) [ 00000.19,  00001.62 ], Mag (uT) [ -00016.50,  008.40, -045.9026.74 ]
00006.35, -00972.17 ], Gyr (DPS) [  00001.21,  00002.49, -00000.32 ], Mag (uT) [ -00016.,  00007.35, -00045. ], Tmp (C) [  026.9
,  00000.98, -00978.03 ], Gyr (DPS) [  00002.21,  00000.24,  00000.75 ], Mag (uT) [ -00015.45,  000030, -00045.15 ], Tmp (C) [  00026Scaled. Acc (mg) [ -00133.30,  00004.88, -00959.96 ], Gyr (DPS) [  00000.02,  00003.47, -.81 ], Mag (uT) [ -00016.50,  000035, -00045.60 ], Tmp (C) [  00093Scaled. Acc (mg) [ -00135.25,  00013.1971.19 ], Gyr (DPS) [ -00000.57, -00000.29,  0000 ], Mag (uT) [ -000150065, -00044.8 008 ]
Scaled. Acc (mg) [ -00142.58, -00082,  000 ], Mag (uT) [ -5,  0007.50, -00043.95 ], Tmp (C) [  00074 ]
Scaled. Acc (mg) [ -00133.7,  00018.55, -009685 ], Gyr (DPS) [  00001.89,  00001.84, -00002.15 ], Mag (uT) [ -00015.15,  00008.40, -043.80 ], Tmp (C) [  00026.98 ]
,  00010, - ], Gyr (DPS) [ -00000.34,  00001.098 ], Mag (uT) [ 00006.75, -00045. 00026.3 ]
Scaled. Acc (mg) [ -00142.583, -00973.14 ], Gyr (DPS) [  0008, -000022,  00001.45 ], Mag (uT) [ -00016.000044.7000026.78 ]
Scaled. Acc (mg) [ -00,  00014.16, -50 ], Gyr (DPS) [ -00000.05,  00002.46, -00000.60 ], Mag (uT) [ -00000009., -45 ], Tmp (C) [  00026.Scaled. Acc (mg) [ -00144.53,  00013.67, -00968.26 ], Gyr (DPS) [  00001.00,  00002.9-00003.1715.30,  00008.25, -00044.25 ], Tmp (C) [  00026.74 ]Scaled. Acc (mg) [ -00126..98, -00954.5,  0.48 ], Mag (uT) [ -00015.90,  00008.10, -00045.90 ], Tmp (C) [ 26.8Scaled. Acc (mg) [ -00137.21-00002.40 ], Mag (uT) [ 016.87.50, -00045.45 ], Tmp (C) [  00026.8
Scaled. Acc (mg) [ -00138.18,  0.88, -00942.38 ], Gyr (DPS) [  00001.,  00001.60 ], Mag (uT) [ -00015.60,  0000-00045.45 ], Tmp (C) [  00027. ]
Scaled. Acc (mg) [ -00128.91,  00013.18, -00982.42 ], Gyr (DPS) [  00000.18,  00001.25,  00002.61 ], Mag (uT) [ -00015.15,  00007.35, -044.55 ], Tmp (C) [  00027.0
1,  00003.91, -00958.01 ], Gyr (DPS) [  00002.11.25, -00044.70 ], Tmp (C) [  00027.02 ]
Scaled. Acc (mg) [ -00143.07, -00004.39, -000.90,  00003.37, -00000.76 ], Mag (uT) [ -00014.0,  00008.850044.85 ], Tmp (C) [  00026.50 ]
Scaled. Acc (mg) [ -00141.600967.29 ], Gyr (DPS) [  0 02.82, -00000.03 ], Mag (uT) [ -00015.45,  00008.1000044.55 ], Tmp (C) [  00026.83 ]
Scaled. Acc (mg) [ -00137.70,  00000.00, -00978.03 ], Gyr (DPS) [  00000.62,  00002.02, -00001.3000015.90,  00008.10, -00044.55 ], Tmp (C) [  00026.45 ]
Scaled. Acc (mg) [ -00139.65,  00016963.87 ], Gyr (DPS) [ -00000.19,  00001.21,  00001.79 ], Mag (uT) [ -00016.80,  00007.95, -00045.0 00026.98 ]
Scaled. Acc (mg) [ -00141.60, -00004.88, -00975.59 ], Gyr (DPS) [  00004.43, -00001.18,  00007.24 ], Mag (uT) [ -000,  000065, -00060 ], Tmp (C) [  00026.64 ]
,  00019.04, -00966.80 ], Gyr (DPS) [ -00001.78,  00002.89, -00001.8315.300044.25 ], Tmp (C) [  00026.98 ]
Scaled. Acc (mg) [ -00153.32,  00002.93, -00971.68 ], Gyr (DPS) [ -00000.46,  00110, 0080 ], Tmp (C) [ 027Scaled. Acc (mg) [ -00137.2.35, -00967.2.3-00014.85,  00008.-00045.75 ], Tmp (C) [ 0026.83 ]
91, -00.18, 3.73, -00001 ], Mag (uT) [ -00016.05,  00006.45, -00045.00 ], Tmp (C) [  00026.93 ]
Scaled. Acc (mg) [ -00144.0,  000015, -00972.17 ], Gyr (DPS) [ -00001.11,  00001.18, -00002.10 ], Mag (uT) [ -0015.45,  06.90, -00044.55 ], Tmp (C) [  .93 ]
Scaled. Acc (mg) [ -00132.32, -00008.30, -00959.96 ], Gyr (DPS) [  00000.69,  003,  00003 ], Mag (uT) [ -00015.,  00008.40, -045.15 ], Tmp (C) [  86 ], Gyr (DPS) [ -00000-00000.6100.15 ], Mag (uT) [ -0000700043.35 0026.7Scaled. Acc (mg) [ -00074.222.31 ], Mag (uT) [ 30,  00007.20, -00046. ], Tmp (C) [  00026.93 ]
5, -0965.33 ], Gyr (DPS) [  0009.68,  00-00016.95,  00008.105 ], Tmp (C) [  0083 ]Scaled. Acc (mg) [ -00129.54.69, -01014.16 ], Gyr (DPS) [  000072,  .36., - ], Tmp (C) [  000 ]
00021.97, -000016.34,  00027.15,  00022.7415007., -5 ], Tmp (C) [  000Scaled. Acc (mg) [ -00027.34184.08 ], Gyr (DPS) [ -00011.08, 6,  00013.0016.05, 0009.0000045.00 ], Tmp (C) [  4 ]
7, -00998.05 ], Gyr (DPS) [ -000008,  000,  000.47 ], Mag (uT) [ 17.70,  00008.85, -00044.55 ], Tmp (C) [  26.59 ]
Scaled. Acc (mg) [ -00024.41,  000 000 00012.7-00018.75,  09.60, -44. ], Tmp (C) [  83Scaled. Acc (mg) [  00017. 00053.22, -01064.94 ], Gyr (DPS) [  00006.31,  00020.23,  00007.68 ], Mag (uT) [ 1808.7045. ], Tmp (C) [  0003 ]
Scaled. Acc (mg) [ -00027.34, -00028.81, -00993.65 ], Gyr (DPS) [ -00024.79,  00003.60000005,  00010.20, -045.00 ], Tmp (C) [  000.9Scaled. Acc (mg) [ -000051124.02 ], Gyr (DPS) [ -00044.00, -000,  00012. ], Mag (uT) [ -000 010, -00.6026.98 ]Scaled. Acc (mg) [ -00066..79 ], Mag (uT) [ -0017.85000105, -00.20 ], Tmp (C) [  0098 ]
 ], Gyr (DPS) [  00005.83, -0000005100018.0,  .804400026.9Scaled. Acc (mg) [ -00036.13, -4 ], Gyr (DPS) [  00001.63,  00006.80, -00002.12 ], Mag (uT) [ -16.35,  00012.45, -70 ], Tmp (C) [  00027.02 ]
 ], Gyr (DPS) [   00024.75,  00008.09-00018.7011.85, -00060 ], Tmp (C) [  003 ]
92,  40.0400871.09 ], Gyr (DPS) [  00015.66, 028.900003.63 ], Mag (uT) [ -00019.65,  05, -00045. ], Tmp (C) [  00026.02010..2078 ]
,  000020.2,  00074.717 ], Gyr (DPS) [  00003.70, -0008, -00016.19.00115, -04500026.9
00012.41 ], Mag (uT) [ -, 046004 ]
000.59,  00014-00012.50 ], Mag (uT) [ 21.90011.7-000 0098 ]
Scaled. Acc (mg) [ -00023.00007.79,  000, -00 ], Mag (uT) [ -00, -045.90 ], Tmp (C) [  000
Scaled. Acc (mg) [ -00009 00025.3901085.94 ], Gyr (DPS) [ .44,  00010.90, .14 ], Mag (uT) [ - 00025000475 ], Tmp (C) [  3 ]
Scaled. Acc (mg) [ -00036. 00072.27, 998.003.6504.2-00.732112.646.02 ]
00058.59, -0088600003.33,  000.3-021. ], Mag (uT) [ -00022010, .70 ], Tmp (C) [  000.9Scaled. Acc (mg) [  00013,  00064.45, -00956.79,  015, 9.-00022.00011., -.40272 ]
Scaled. Acc (mg) [ -00015.00130.86.40 ], Gyr (DPS) [  00004.68.84, -0085 ], Mag (uT) [ -00022.35,  00011.85, 046.65 ], Tmp (C) [  000263 ]Scaled. Acc (mg) [  00016.60, -5, -00002.050001155,  0000047.0Scaled. Acc (mg) [ -00004.88, -, 20 ], Gyr (DPS) [  00031.27,  00011.85.49, -0.7,  00000.09..65,  012.15048 ], Tmp (C) [  98 ]
.00, 01079.59 ], Gyr (DPS) [ 90, -0023.40,  09.45, -00048.000027.0 ]
Scaled. Acc (mg) [  00015.63, -00192.87, -01059.57 ], Gyr (DPS) [  00052.93, -00016.61,  00017.-00022.85, -000482 ].71, - 00103.98, -00.29,  00031. ], Mag (uT) [ -00000006000.98 ]72,  00004,  59 ], Mag (uT) [ -0005,  00006.1500049.20000 ]
Scaled. Acc (mg) [ -00031.-0023039 ], Gyr (DPS) [  00131.173 ], Mag (uT) [ -0000047.55 ], Tmp (C) [  0093 ]
.55, -00279.79, -01006.35 ], Gyr (DPS) [  22,  26.75 ], Mag (uT) [ .55,  0000300047.026.78 ]
.25, -00461.43, -49 ], Gyr (DPS) [  00204.24,  000-00000.-00048.00 ], Tmp (C) [ 09
 00014.94, 18 ], Mag (uT) [ -, -0000-0Scaled. Acc (mg) [ -0006100494.63, -0015 ], Gyr (DPS) [  .70, -000.95,  00.54 ], Mag (uT) [ -0.90, -0000, - ], Tmp (C) [  00.12 ]
Scaled. Acc (mg) [ -00044.43, -579.59, -00732., -000, -.3526.00599.5, 5, 0 ], Tmp (C) [ 27Scaled. Acc (mg) [ -00054.2708.0002.100019.50-00.2 0026.9Scaled. Acc (mg) [ -00057-00737.30, -14 ], Gyr (DPS) [  00033.10,  00001.65, -00002.2-00020, -00009.00, -00038.2 00026.8Scaled. Acc (mg) [ -00075.600020.70, -00037. ], Tmp (C) [  000Scaled. Acc (mg) [ -00049.32, -00709.96, -00464.36 ], Gyr (DPS) [ -00031.29,  00002.15, 0. ], Mag (uT) [ -21.00, -8., -0375 ], Tmp (C) [ 026.83Scaled. Acc (mg) [ -00038-00700.20, -00441.800015, -00002.56 ], Mag (uT) [ 021.310, 040.20 ], Tmp (C) [ Scaled. Acc (mg) [ -00004.39, -00634.28, -00506.35 ], Gyr (DPS) [ -00249.85, -00016.31,  00002.31 ], Mag (uT) [ -00021.15, -00006.00, -0040.05 ], Tmp (C) [  26.83 ]
Scaled. Acc (mg) [  00008.30, -00480.96, -00605.96 ], Gyr (DPS) [ -00246.59,  00000.2 00006.95 ], Mag (uT) [ -000.55, -00004.35, -42.75 ], Tmp (C) [  000 ]
Scaled. Acc (mg) [  00002.44, -00242.68, -0080 ], Gyr (DPS) [ -00250.14, 53,  5, -000000.78 ]
14,  00038.7-0 ], Mag (uT) [ -00030,  001., -00040 ], Tmp (C) [  272 ]
0014.21, -00044.6022.35, 00090, 5 ], Tmp (C) [  00026.83 ]
Scaled. Acc (mg) [  00051.27, .44, -01015.62 ], Gyr (DPS) [ -00250.14,  00000.33, -00033. ], Mag (uT) [ -00022.05,  00013.80, -00046.35 ], Tmp (C) [  00026.83 ]Scaled. Acc (mg) [  00013.67,  00212.40, -01116.21 ], Gyr (DPS) [ -00224.98,  00005.73, -00011.47 ], Mag (uT) [ -00021.7 00016.80, -00045.90 ], Tmp (C) [  00026.59 ]
Scaled. Acc (mg) [ -00063.48,  00425.29, -01168.95 ], Gyr (DPS) [ -00198.95, -00003.11, -00008.70 ], Mag (uT) [ -0002100020.55, -00042.30 ], Tmp (C) [  00027.02 ]
Scaled. Acc (mg) [  0000000472.17, -01015.62 ], Gyr (DPS) [ -00164.16, -00013.31, -00007.53 ], Mag (uT) [ -00022.65,  00023.10, -00042.45 ], Tmp (C) [  00026.93 ]
Scaled. Acc (mg) [  00001.95,  00536.13, -00985.35 ], Gyr (DPS) [ -00152.24, -00014.64, -00.37 ], Mag (uT) [ -000,  00023.70, -00039.75 ], Tmp (C) [  00027.02 ]
Scaled. Acc (mg) [ -00049889.16 ], Gyr (DPS) [ -00-00013.95 ], Mag (uT) [ -00021.75,  00028.65, -36.6000026.74 ]
Scaled. Acc (mg) [ -00076712.89, 70, -00009.55 ], Mag (uT) [ 19.50,  00028.20, -00034.80 ], Tmp (C) [  26.98 ]
60.06,  00039.53,  000033 ], Mag (uT) [ 50,  00030.90, -00030.4 026.74 ]
1,  00748.548 ], Gyr (DPS) [ -00004.60005,  000310030.0 00098 ]
96,  000679.208, -00011.31,  00024.13 ], Mag (uT) [ -00029. ], Tmp (C) [  00027.12 ]
0,  0002900026.93 ]
9,  00599.690 ], Gyr (DPS) [  0025048.46,  000390 ], Mag (uT) [ -00020.25,  00024.45000375 ], Tmp (C) [  00027.12 ]
Scaled. Acc (mg) [ -00020.5004.98,  0003450,  00020.041.2026.74 ]
0,  0-00995.61 ], Gyr (DPS) [  00250.13, -00030.00,  00010.56 ], Mag (uT) [ -00021.00, 012.60, -001527.02 ]
06.021 00010.05, -46.3 00026.78 ]
, -00025.6-00019.05,  00005.1000047.1026.5
45.41, -00405.27, -00000001.2-000450 ], Tmp (C) [  00026.Scaled. Acc (mg) [ -00182.1604.00 ], Gyr (DPS) [  00008, -037.26 ], Mag (uT) [ 9,  00000, -004Scaled. Acc (mg) [ -00033.69, -001008.790019.05, -10, -0 00027
00400.3 0026Scaled. Acc (mg) [ -00081.052, 660.16 ], Gyr (DPS) [  0063,  000034000.65, -00009.4500040.65 ], Tmp (C) [ 026.93 ]
Scaled. Acc (mg) [  00027, -00751.46, 507.32 ], Gyr (DPS) [  00148.66,  00020.56, -093 ], Mag (uT) [ -05, -10.05, -00070 ], Tmp (C) [  0002 ]
.86, -00 ], Gyr (DPS) [  00110.47058.81, -00036-0023.011.25, 0038. ], Tmp (C) [  00026.7 ]
, -008 ], Gyr (DPS) [  00030.20.0.93 ], Mag (uT) [ -35, -0034000.93 ]Scaled. Acc (mg) [  00132., -00768.07, -0068 00010.50, -0013.20, -035.7026.
162.60 ], Gyr (DPS) [ 4 ], Mag (uT) [ 5012.90, -20 ], Tmp (C) [  0008 ]
Scaled. Acc (mg) [  00326.-00590.3284.67 00085.66, -000.08, -00.2 0027Scaled. Acc (mg) [  00332.52, -00434.08, -00429.20 ], Gyr (DPS) [ - 00075. ], Mag (uT) [ -00032.25, -0001000035.85 ], Tmp (C) [  0026.7
Scaled. Acc (mg) [  007,  06, -00113.79 ], Mag (uT) [ -00034.80, -00.55, -00039 ], Tmp (C) [  000263 ]
95, -0072600518. ], Gyr (DPS) [ -0063,  0009900 ], Mag (uT) [ -00038.100, -00015 0074 ]Scaled. Acc (mg) [  00461..34, -00096 ], Mag (uT) [ -0004000006.15, -00045 ], Tmp (C) [ 026.8Scaled. Acc (mg) [  00583.00058.97, 5 ], Mag (uT) [ -095, -3.90, -0.30 ], Tmp (C) [  00026.3 ]
Scaled. Acc (mg) [  00618.16, -00327..60 ], Gyr (DPS) [ -00106.99,  00068.76, -00078.21 ], Mag (uT) [ -00046.-00080, -040.35 ], Tmp (C) [  00026.9
Scaled. Acc (mg) [  00629.548, -00071.08 ], Mag (uT) [ -00047.70, -00000.15, -00040.50 ], Tmp (C) [ 026.78 ]
00276.37, -00642.5800012.51, -000 ], Mag (uT) [ -0004941.10 ], Tmp (C) [  00026.83 ]
Scaled. Acc (mg) [  00713.87, -00164.55, 00553.71 ], Gyr (DPS) [ -00141.46,  00010.85, -00058.87 ], Mag (uT) [ -00049. 00003.90, -00039.45 ], Tmp (C) [  00026.83Scaled. Acc (mg) [  00636.23, -00102.54, -00673.83 ], Gyr (DPS) [ -00131.18,  00017.68, -00064.60 ], Mag (uT) [ -00050.,  00005.55, -00041.85 ], Tmp (C) [  00027.02 ]
Scaled. Acc (mg) [  00628.42, -00.04, -6 ], Gyr (DPS) [ -00117027.45, -,  00 0026.
. ], Gyr (DPS) [ -00091.14, -00001.43, -000 ], Mag (uT) [ -005,  0001000 ], Tmp (C) [  00026.8 ]
Scaled. Acc (mg) [  00721.68,  00166.9742.19 ], Gyr (DPS) [ -00075.795.30,  00013.8000038.70 ], Tmp (C) [  00026.93 ]
9,  00372.07, -00879.39 ], Gyr (DPS) [ -00125.61, -00045.0800054.34 ], Mag (uT) [ -51.00, 013.3-37. ], Tmp (C) [  78Scaled. Acc (mg) [  0066600918.95 ], Gyr (DPS) [ -00-000610, .80, -37.9500026. ]
32, -00731.45 ], Gyr (DPS) [ -00101.12, -00085.98, -00065. ], Mag (uT) [ -2020.2537.6500026.
Scaled. Acc (mg) [  00567.87, 386.72704.10-000941, -0005,  00, -00.5027.02 ]Scaled. Acc (mg) [  00459.47,  07, -, -00108.09, -0 ], Mag (uT) [ -41.55,  00023.0370 ], Tmp (C) [  0003Scaled. Acc (mg) [  00460.45,  00761.7747.56, -054.30005, 60052 ]
3,  07, -00118.-00069.10-00036 0074 ]Scaled. Acc (mg) [  00353.486.33, -00707.03 ], Gyr (DPS) [ -00090.03, -00108.65, -00049.05 ], Mag (uT) [ -00035.10,  00030.30-0003600026Scaled. Acc (mg) [  00158.20,  00610.35, -00708.98 ], Gyr (DPS) [ -00043.63, -00115.01, -00018 ], Mag (uT) [ -33.00,  00070, -0003500026.74 ]
Scaled. Acc (mg) [  00225632.81, -00841.80 ], Gyr (DPS) [ -00012.41, .36, -00015.7329.258033. ], Tmp (C) [  00026.Scaled. Acc (mg) [  00092.29,  00825.20, -00528.32 ], Gyr (DPS) [  00019.52, -00137.19.57 ], Mag (uT) [ -00026.40,  00029.70, -000350 ], Tmp (C) [  00026.98 ]
.90,  00704.10, -00828.12 ], Gyr (DPS) [  00-00105.97, -00000025.200029., -000 ], Tmp (C) [  0003 ]
Scaled. Acc (mg) [  0003100437.99, -0019 ], Gyr (DPS) [  00008.214,  00008.30 ], Mag (uT) [ -00023.40,  00028.80, -00034.20 ], Tmp (C) [  00026.98 ]
Scaled. Acc (mg) [  00123.54791.02, - ], Gyr (DPS) [  000, -00141.67,  000-000200,  030.30, 09026.74 ]
.70,  00883.3000391.60 ], Gyr (DPS) [  00137.65, -00140.54,  00024.94 ], Mag (uT) [ -0001935,  00029.10, -00036.00 ], Tmp (C) [  00098Scaled. Acc (mg) [ -00316.89, -00514.65 ], Gyr (DPS) [  000063.46, 000 ], Mag (uT) [ -15.,  00025 ], Tmp (C) [  000.74 ]
00324.728.76 ], Mag (uT) [ -025,  00025.05, -00036.75 ], Tmp (C) [  2 ]
00020.00085038Scaled. Acc (mg) [ -00281.797729.-000172.11120000, -95 ], Tmp (C) [  2698 ]
0093.26, -021, -00010.0016.9195,  00014.85, -0000000026.93 ]Scaled. Acc (mg) [ -00374.51,  0001090.33 ], Gyr (DPS) [  00250.13,  000 00009.00, -000445 ], Tmp (C) [  00027. ]
Scaled. Acc (mg) [ -00202.6396.00, -00948.73 ], Gyr (DPS) [  00250.13, -00006.47, -0001790,  00004.35, -00044.55 ], Tmp (C) [  00026.74 ]
4, -00672.36, -00716.80 ], Gyr (DPS) [  00216.18, -00014.99, -00001.50 ], Mag (uT) [ -00012.90,  00001.20, 0044.55 ], Tmp (C) [  0026.98 ]
9, -00-00992.19 ], Gyr (DPS) [ 397, 0.5, -00003.30, -00043.2 0026.
, -00384.28, -01001.95 ], Gyr (DPS) [  00210.17, -00034.01, -00026.195, -00002.7000042.00 ], Tmp (C) [  00026.93 ]
0, -00582.52, -00556.00049 ], Mag (uT) [ -00013.65, -000010, -00039.000.9
Scaled. Acc (mg) [ -00323.24, -00665.00201.17 ], Gyr (DPS) [  00193.78, -00025.76, -00068.61 ], Mag (uT) [ -00075, -00010.5035.70 ], Tmp (C) [  00026.93Scaled. Acc (mg) [ -00210.94, -00987.307 ], Gyr (DPS) [  00168.79,  00053.91, -00072.31 ], Mag (uT) [ -00013.65, -00011.800033.0000026.93
Scaled. Acc (mg) [ -000.33, -00414.650, 50Scaled. Acc (mg) [ -00111.33, -000330.08,  94, -000 ], Mag (uT) [ -0005, -00014..30 ], Tmp (C) [  00026.78 ]
Scaled. Acc (mg) [ -000336.91 ], Gyr (DPS) [ 8216., -00.10, .50 ], Tmp (C) [ Scaled. Acc (mg) [  00089.53, -00022.67,  00041..40 ], Mag (uT) [ -00022.0014.0028.20 ], Tmp (C) [  00026.Scaled. Acc (mg) [  00191.8-00200.00009.66,  ], Tmp (C) [  26. ]
095.95 ], Mag (uT) [ -00027., -00015.45, 027.726.83 ]
Scaled. Acc (mg) [  0035608200147.05 ], Mag (uT) [ -30.30, -0, -000 003 ]
00270 ], Tmp (C) [ 027. ]
Scaled. Acc (mg) [  00, -00959.96,  00049.00015.80,  00093.035., -00014-00.65000
143.0 0011598.7-00038.180, - 00263 ]
0039.60.71, -00487.3.1.50, -00109.43.80, -00000 ]
00008.008Scaled. Acc (mg) [  00, -080000000Scaled. Acc (mg) [  00.0-00, -07526.83022-00.7.05, -00.8 0026. ]
339.36, -00558.6, -00102.56.10, -029.7Scaled. Acc (mg) [  0000334.474.12 ], Gyr (DPS) [ -000015.78000876 ], Mag (uT) [ -000.90,  .90, -00 ], Tmp (C) [  026.74 ]
29.79, -00000055.6633 ], Mag (uT) [ -000572..8526.78 ]
830.0812.70, -00444174.17, -0-00104.55,  00007.5, -033.00 ], Tmp (C) [  0026.78 ]
, -0, -00045.33, -00076.74 ], Mag (uT) [ -00057.75,  0000.10 ], Tmp (C) [  000263 ]
Scaled. Acc (mg) [  00,  00120.6659.1, -000-00.28-0056.00012.900090026.Scaled. Acc (mg) [  00759.77000026Scaled. Acc (mg) [  00729.63, , -002 ], Mag (uT) [ 6526.98-04 ], Gyr (DPS) [ -00090.00, -00138.47, -00033.45 ], Mag (uT) [ -0030-0003602693 ]
00,  00640.100605.47 ], Gyr (DPS) [ -00089.09, -00159.70041.13 ], Mag (uT) [ -00.00.25, -00036.026. ]
59.93, -0006, -00060.5044.5,  00022, -8026.59 ]
Scaled. Acc (mg) [  0000437.50666.02 ], Gyr (DPS) [ -00, -.57 ], Mag (uT) [ 0023.85, -085 ], Tmp (C) [  00026.93 ]Scaled. Acc (mg) [  00500.98,  00569.34, -00774.41 ], Gyr (DPS) [ -00119.63, -00170.40, 037.04 ], Mag (uT) [ -000380025.20, -00070 ], Tmp (C) [  0008 ]
Scaled. Acc (mg) [  00231.93,  00521.48 ], Gyr (DPS) [ -00143.12, -00190.21, -00045.38 ], Mag (uT) [ -00033.,  00028.95, -00037.3 00026.98 ]
,  00500.49, -00552.73 ], Gyr (DPS) [ -00128.97, -00120.41 ], Mag (uT) [ .55,  -00035.2 00078Scaled. Acc (mg) [  00090.,  00900.88, 9 ], Gyr (DPS) [ -00141.68, -00033.29 ], Mag (uT) [ 7500.85, -15 ], Tmp (C) [  27.12 ]
Scaled. Acc (mg) [ -00169.92,  01017., -00487.30 ], Gyr (DPS) [ -00138.36, -00092.94, -00060.42 ], Mag (uT) [ -030, 0, -00031.20 ], Tmp (C) [  0026.93 ]Scaled. Acc (mg) [  00083.50,  00696.78, -00666.99 ], Gyr (DPS) [ -00045.98, -00075.08, -00077.20 ], Mag (uT) [ -00022.00033.75, -00028.05 ], Tmp (C) [  26Scaled. Acc (mg) [ -00129.39,  00904.79, -00374.02 ], Gyr (DPS) [ -00019.40, -00088.37, -00050.10 ], Mag (uT) [ -00021.00, 34.35, -00026.8027.Scaled. Acc (mg) [ -00341.3,  01175.7.64 ], Gyr (DPS) [ -000071.41, -000.45,  00033.27.15 ], Tmp (C) [  00026.8 ]
46,  665.53, -00561.52 ], Gyr (DPS) [ -00049.58, -00078.06, -0-.7330, -00025. ], Tmp (C) [  93 ]
Scaled. Acc (mg) [ -00305,  00696.29, -0 ], Gyr (DPS) [ -00029.03, -00074.11, -00035.89 ], Mag (uT) [ -0001450005 ], Tmp (C) [ 26.
-00631.3.79, 23.64 ], Mag (uT) [ -00013.33.10000268073.08117.32, -00.70110,  00034.05, -23.1026.40Scaled. Acc (mg) [ -00416.02,  00356.45 ], Gyr (DPS) [  00127.81, 1, -00024.12 ], Mag (uT) [ -00009.75,  00031.80000 ], Tmp (C) [  00026.Scaled. Acc (mg) [ -00492.6.06 ], Gyr (DPS) [  0088.69, -000024 ], Mag (uT) [ -00095,  00031.0500024.45 ], Tmp (C) [  00026.83 ]
Scaled. Acc (mg) [ -00320.80,  00803.71, -00889.65 ], Gyr (DPS) [  00088.47, -00100.37, -00002.96 ], Mag (uT) [ -00007.95,  0003100023.40 ], Tmp (C) [  00026.78 ]
Scaled. Acc (mg) [ -00379.39,  00885.25, -00354.00 ], Gyr (DPS) [  00212.44, -00122.83, -00010.1005.85,  00028.80, -00024.45 ], Tmp (C) [  00026.83 ]
Scaled. Acc (mg) [ -00515.1 00722.66, -4 ], Gyr (DPS) [  00070.10, -00078.84, -00016.84 ], Mag (uT) [ -0000.55,  00027.00, -00025.05 ], Tmp (C) [  00026.83 ]
Scaled. Acc (mg) [ -00252.97, -0084675,  00027.0.80 ], Tmp (C) [  00026.83 ]
Scaled. Acc (mg) [ -00468.75,  00200.95, -00065.52, -00021.70 ], Mag (uT) [ -00004.65,  00026.55, -00026.200026.8Scaled. Acc (mg) [ -00410.16,  00270.02, -00624.51 ], Gyr (DPS) [  00083.33, -00049.5-00017.08 ], Mag (uT) [ -00001.9023-0090 ], Tmp (C) [  00098 ]
066.13, -.86 ], Mag (uT) [ -00002.10,  00023.10, -00027.75 ], Tmp (C) [  00026.78 ]
Scaled. Acc (mg) [ -00885.74,  00628.91, -00387.70 ], Gyr (DPS) [  00141.03, -00037.27, -00023.15 ], Mag (uT) [ -00001.05,  00021.90, -00027.75 ], Tmp (C) [  00026.78 ]
Scaled. Acc (mg) [ -00653.32,  00337.40, -00904.79 ], Gyr (DPS) [  00109.61, -00015.93, -00023.0000.15,  00021.00, -00027.60 ], Tmp (C) [  000.74 ]
Scaled. Acc (mg) [ -00772.46,  00593.26, -00807.62 ], Gyr (DPS) [  00185.43, -00037.22, -00033.00 ], Mag (uT) [  000.60,  000029. ], Tmp (C) [  00026.93 ]
99,  00018.55, -00520.51 ], Gyr (DPS) [  00126.60, -044.47 ], Mag (uT) [  00,  00016.80, -29.4 00064 ]
,  000015.90030.3 00027Scaled. Acc (mg) [ -00762.2101, -000007005.73, -00 00000.1,  0000, -00026.780000, -00031. ].58, 3,  00031.727.3 ], Mag (uT) [  00.30,  000045, -000 ], Tmp (C) [  000263 ]Scaled. Acc (mg) [ -00647.46, -002000007.6-032.25 ], Tmp (C) [ 0
Scaled. Acc (mg) [ -00628.00285.64, -00786.13 ], Gyr (DPS) [  00137.01,  00013.84, -041 ], Mag (uT) [  0005,  0015, 0034.3 00026.9Scaled. Acc (mg) [ -00673.0492.68, -0000014.74.50 ], Mag (uT) [  0003.60, -00 ], Tmp (C) [  0008Scaled. Acc (mg) [ -00669.9, -00.35 ], Gyr (DPS) [  00115.72,  00012.27, -00042.95 ], Mag (uT) [ -00000.601.50, -00034.20 ], Tmp (C) [  000.74 ]
Scaled. Acc (mg) [ -00722.6, -00592.2917 ], Gyr (DPS) [  00 0004, -0001 ], Mag (uT) [  00000.00,  00.00, -00034.20 ], Tmp (C) [  00026.98 ]
Scaled. Acc (mg) [ -00699.22, -00591.80, -00589.36 ], Gyr (DPS) [  00063.66,  00039.-00045.05 ], Mag (uT) [ -00000.45, -0000, -00032.55 ], Tmp (C) [  00026.4 ]
Scaled. Acc (mg) [ -00591.80, -00605.96, -00761.72 ], Gyr (DPS) [  00105.90,  000272, -00059.08 ], Mag (uT) [ -00.90, -00002.40, -00031.80 ], Tmp (C) [ 26. ]
Scaled. Acc (mg) [ -00602.0, -0056, -00381.33,  00017.75, -00066.47 ], Mag (uT) [ -00002.1000075, -00033. ], Tmp (C) [  000Scaled. Acc (mg) [ -00532.70063.47 ], Mag (uT) [ -00005.10, -004.80, -00010 ], Tmp (C) [  00026.98 ]
Scaled. Acc (mg) [ -00423., -00744.63, -000085.89, -0071 ], Mag (uT) [ 005.100500033.0026.Scaled. Acc (mg) [ -00463.36., -045, -032.40 ], Tmp (C) [ 26.Scaled. Acc (mg) [ -00207.52, -00855.47, -00687 00093.82, -00077.06 ], Mag (uT) [ -00000.4-00.9026.4 ]
694.60, 8 ]Scaled. Acc (mg) [ -00211.4932.13, -00425.05, -00093.44 ], Mag (uT) [ -00013.2-00010.8-00032.55 ], Tmp (C) [ 026.3 ]
Scaled. Acc (mg) [ -00078.61, -00742.68, -00716.31 ], Gyr (DPS) [  00067.43,  00086.58, -00083.56 ], Mag (uT) [ 16.05, -00011.70, -00034.65 ], Tmp (C) [  00027.12 ]
.54, -0015, -000.10 ], Tmp (C) [  93 ]
0000, .303426.93 ]
.3900.1-00024..1085 ], Tmp (C) [  027.12 ]
, -0078466,  00159.88, -00.74 ]
031.5012.3.10831.54, -00853., -00115.08 ], Mag (uT) [ 5 ], Tmp (C) [  00026.93 ]Scaled. Acc (mg) [  00425.200870.12, 0055.98, 036.30, -010-000363 ]
-00594.-00383.30 ], Gyr (DPS) [ -00094.018.44, -00.180038.85, -0000.65, -0359493.16, -003668.40, 037.35 ], Tmp (C) [ 98 ]
0624.51 ], Gyr (DPS) [ -00080.057.56, -0982 ], Mag (uT) [ -005, -00008000360 ], Tmp (C) [  00026.4 ]
0, , -00050 ], Tmp (C) [  000 ], Gyr (DPS) [ -00054,  .82, -46.35, -000.30, -37.80 ], Tmp (C) [  0026.83 ]
8.680052.93, -07 ], Mag (uT) [ -30, -001., -0009000026.93 ]
9, -00-00553.71 ], Gyr (DPS) [ -0000022.8900064.13 ], Mag (uT) [ -00049.95, -000030, -00036.7500027.Scaled. Acc (mg) [  00735.00443.85 ], Gyr (DPS) [ -00143.4010.83, -079.48 ], Mag (uT) [ -00050.25,  00000.4500036. ], Tmp (C) [  00027.Scaled. Acc (mg) [  00814.405 ], Mag (uT) [ -0003.75, -00036.45 ], Tmp (C) [  00026.98 ]
Scaled. Acc (mg) [  0075655.8952.65,  000060, .05 ], Tmp (C) [  00026.9Scaled. Acc (mg) [  00799.30091..94 ], Gyr (DPS) [ -00124.27, -00025.05, -0051.30, 0, -000 ], Tmp (C) [ 12 ]
5, -0000010, -00 ], Mag (uT) [ -00051.15,  0.5 0026.74 ]
Scaled. Acc (mg) [  00728.52,  00087.40, -00551.7.49, -000244 ], Mag (uT) [ -00049.8012., -037.0027.
93,  0-0058400013.00030.0600051.0130, -00.75 00026.74Scaled. Acc (mg) [  00757.81,  00249.51, -00586.91 ], Gyr (DPS) [ -00114.11, -00029.44, -00039.03 ], Mag (uT) [ -0005100014.550 ]
Scaled. Acc (mg) [  00716.80,  00375.00, -00676.76 ], Gyr (DPS) [ -00119.74, -00036.14, -050.,  18.00, -07
77 ], Gyr (DPS) [ -00102.63, -39.73, -000 ], Mag (uT) [ -0000, 20.00035 093 ]Scaled. Acc (mg) [  00646.9, -00626.955, -00033.14, -00098 ], Mag (uT) [ -00049.05,  00036.60 ], Tmp (C) [  26.98Scaled. Acc (mg) [  00600.59, 0043.821900046.23.70, -015 ], Tmp (C) [ 0
64.45, -000 ], Mag (uT) [ -000.75, -000050002 ]
482.42 ], Gyr (DPS) [ -00088.01, -0, -1700043.95,  00027.90, -00033.60 ], Tmp (C) [  0074 ]
Scaled. Acc (mg) [  00441.41,  00616.70, -00560.06-00053.64, -0041.,  100033.1027.0
72,  00612.79, -00753.42 ], Gyr (DPS) [ -00075.15, -00075.99, -00071.7900041.55,  00029.85, -00032.4000026.83 ]
 00574.71, -00700.68 ], Gyr (DPS) [ -00081.04, -00105.21, -00062.63 ], Mag (uT) [ -00037.65,  00030.75, 033.15 ], Tmp (C) [  00026.98 ]
Scaled. Acc (mg) [  00279.,  0024, -00642.09 ], Gyr (DPS) [ -00041.09, -00110.50, -00080.79 ], Mag (uT) [ -00034.5 00030.90, -00 ], Tmp (C) [  00026.78 ]
Scaled. Acc (mg) [  00284.67,  00652.34, -00388.18 ], Gyr (DPS) [ -00078.45, -00117.00, -00070.5-00033.45,  00032.7-00031.20 ], Tmp (C) [  000.93 ]
Scaled. Acc (mg) [  00183.11,  00738.77, -00490.23 ], Gyr (DPS) [ -00059.84, 11027.90 ], Tmp (C) [  .78 ]
Scaled. Acc (mg) [  000554600054.24 ], Mag (uT) [ -00026.25,  00034.50, -00027.7 00027.02 ]
 01199.22, -0053.07, -00068.05, -00081.34 ], Mag (uT) [ -00.50,  00033.30, -00029.1000026.74 ]
Scaled. Acc (mg) [  00156.74,  00946.78, -00537.60 ], Gyr (DPS) [  00026.4300089.02, -0070 ], Mag (uT) [ -00023.55,  00033.60, -00045 ], Tmp (C) [  00026.98 ]Scaled. Acc (mg) [ -00093.26,  00604.49, -00696.29 ], Gyr (DPS) [  00016.2-00082.56, -1 ], Mag (uT) [ 80,  00031.95, -00030.00 ], Tmp (C) [  00026 ]
.40,  00565.92, 8 ], Gyr (DPS) [  00132.20, -00064.3655 ], Mag (uT) [ -0005,  0000530.6 0027.Scaled. Acc (mg) [ -00180. 00577.156 ], Gyr (DPS) [  00096.92, -00000016.53 ], Mag (uT) [ -00016.9500030.15, -0033.30 ], Tmp (C) [  0.74 ]
Scaled. Acc (mg) [ -00301.27,  00571.29, -01068.36 ], Gyr (DPS) [  00146.12, -00078.03, -00011. ], Mag (uT) [ 016.3500034.Scaled. Acc (mg) [ -00 00497084100107.58, -0023 ], Mag (uT) [ -00400025.5-055 ], Tmp (C) [ 0026.800756.60, -,  0001011022.95, -00037.95 ], Tmp (C) [  00026.93 ]
Scaled. Acc (mg) [ -00367.1465.82, -009 ], Gyr (DPS) [  00017.97, -00111.88,  00008.31 ], Mag (uT) [ -0000020.Scaled. Acc (mg) [ -00366.70,  00493.16, -00890.62 ], Gyr (DPS) [  00028.35, -00127.15,  00006.53 ], Mag (uT) [ -09.30,  020.5537.9 0027.Scaled. Acc (mg) [ -00602.719.24, -00473, -, -00086-000.30,  002-00035.50Scaled. Acc (mg) [ -00513.009.28.69 ], Gyr (DPS) [  00250.13,  0, -00050.50 ], Mag (uT) [ -00005.55,  036.90000Scaled. Acc (mg) [ -00366.21, -00729.0000250.1304,  00018.61.20, -039.12Scaled. Acc (mg) [ -00292.97, -00206.54, ,  00122.52, -00-041.10 ], Tmp (C) [ 26..93,  00213.87, -01232.91 ], Gyr (DPS) [  00174.92, 00051.70.45 ], Tmp (C) [  Scaled. Acc (mg) [ -00247.07, -00384.77, -01009.77 ], Gyr (DPS) [  00101.31,  0,  00025.67 ], Mag (uT) [ -00009.30,  0000.60, .126.9 ]Scaled. Acc (mg) [ -00175.78, -000, -01079.10 ], Gyr (DPS) [  00051.500005.07,  00062.90 ], Mag (uT) [ -0000.85, -0004226.74 ]
Scaled. Acc (mg) [ -00329.00083.01, -00796.39 ], Gyr (DPS) [ -00015.06, -00033.37,  043.19 ], Mag (uT) [ -00010.6,  0000400043.35 ], Tmp (C) [  00027.02 ]
Scaled. Acc (mg) [ -00340.82,  00089.84, -00756.84 ], Gyr (DPS) [ -00008.06,  00004.08,  000.8-00009.00,  00006.00, -00 ], Tmp (C) [  00027.02 ]
Scaled. Acc (mg) [ -00264.16, -00159.67, -00838.38 ], Gyr (DPS) [  00065.66,  00028005.59 ], Mag (uT) [ -0.5055, 25 ], Tmp (C) [  000 ]
264.16, -00295.90, -00774. 00024.57,  000911.10,  000.10, 0420 ], Tmp (C) [ 3Scaled. Acc (mg) [ -00258148.93, -01015.14 ], Gyr (DPS) [ -00039.63,  00004011.25,  00005, -00043.65 ], Tmp (C) [  00026.98 ]
253.91, -0-00038.89,  1, -00007.5,  00005.85, .00 ], Tmp (C) [ 026.78 ]Scaled. Acc (mg) [ -00225.59, -00244.63, -01066.41 ], Gyr (DPS) [  00042.09,  00009.26, -000060 00004.35, -00.75 ], Tmp (C) [  00026.98 ]
Scaled. Acc (mg) [ -003120178.22, -00734.37 ], Gyr (DPS) [ -00014.43,  00024.83, -00003.3004.6-000420 ], Tmp (C) [  000264 ]
-00225.59, -01011 ], Gyr (DPS) [ -00030.56,  0007.37 ], Mag (uT) [ -00012.75,  4.50, -00042.45 ], Tmp (C) [  00093 ]
Scaled. Acc (mg) [ -00223.63, -00300.78, -01038.57 ], Gyr (DPS) [ -00010.23,  00006.13, -00004 ], Mag (uT) [ -00013.950021, -00 ], Mag (uT) [ -12.004.0020 ], Tmp (C) [  00026.98 ]
 ], Gyr (DPS) [ -00058.47,  00009. ], Mag (uT) [ -00013.20,  00007.35, -00041.25 ], Tmp (C) [  00026.78 ]
, -00001181.6 00010.24,  00060.21,  0000.66 ], Mag (uT) [ -00014.85,  000055, -00041. ], Tmp (C) [  00093Scaled. Acc (mg) [ -00212.89, -00092.2914 ], Gyr (DPS) [ -00006.03, -002.50, -00010.89 ], Mag (uT) [ -00014.40,  00005.40, -00.25 ], Tmp (C) [  00026.98 ]
Scaled. Acc (mg) [ -00177.73, -00148.93, -00765.14 ], Gyr (DPS) [  00005.11, -00008.1100006.60 ], Mag (uT) [ -00014.70,  00005.40, -00041.55 ], Tmp (C) [  00026.74 ]
Scaled. Acc (mg) [ -00252.93, -00039.55, -00852.54 ], Gyr (DPS) [ -00010.400014.05, -0000600014.25,  00006.0-00042.1500026.93 ]
Scaled. Acc (mg) [ -00148.93, -00183.11, -01008.30 ], Gyr (DPS) [ -00022.66,  00016.24, -00.85 ], Mag (uT) [ 14.8.55, -00042.90 ], Tmp (C) [  000 ]
Scaled. Acc (mg) [ -00184.08, -213.87,  ], Gyr (DPS) [ -00014.87, -00000.21,  002.82 ], Mag (uT) [ -00014 000000, -00042.454 ]
.06, -, -00726.07 ], Gyr (DPS) [ -00049.06, -26, -03.270,  000.800.0 00078 ]
.32, -00149, -00.62,  00006.65,  000 ], Mag (uT) [ -00015.606.75, -00.85 ], Tmp (C) [ .98 ]
Scaled. Acc (mg) [ -00245.12,  88, 1100013.8 000, -00.65 ], Tmp (C) [  26.83 ]Scaled. Acc (mg) [ -00162.60, -00002.93, -01146.97 ], Gyr (DPS) [ -00006.73,  00000.70000720,  05 ], Tmp (C) [  00026.78 ]
Scaled. Acc (mg) [ -00201.17,  00000.98, -00822.27 ], Gyr (DPS) [ -00007.42, -00000.03, -00007.50015.60,  .50, -00041.85 ], Tmp (C) [  00026.74 ]
Scaled. Acc (mg) [ -00221.19,  00025.39, -00972.66 ], Gyr (DPS) [ -00015.43,  00008.0006.92 ], Mag (uT) [ -00013. 00008.85, -000.95 ], Tmp (C) [  00026.Scaled. Acc (mg) [ -00191.89, -00038., -06 ], Gyr (DPS) [ -00025.000001.66, -00000370, 0000-009500059 ]
Scaled. Acc (mg) [ -00160.16, -00086.43, -00898.93 ], Gyr (DPS) [ -00070.64, -00015.27,  00000.88 ], Mag (uT) [ -14.40,  40, -000420 ], Tmp (C) [  00026.3 ]
Scaled. Acc (mg) [ -0012900155.27, -0119202.47,  00000.94 ], Mag (uT) [ -00014.70,  00009.60, -00040. ], Tmp (C) [  00026.9 ]
Scaled. Acc (mg) [ -00193.8.35 ], Gyr (DPS) [  00001.40, -00003.67,  00001.45 ], Mag (uT) [ -0005, 00040.20026.78Scaled. Acc (mg) [ -00212.89,  000, -.39 ], Gyr (DPS) [  00005.11,  00001.5-00003.88 ], Mag (uT) [ -00014.85, 00000, -040.65 ], Tmp (C) [  00026.93 ]
Scaled. Acc (mg) [ -00192.87,  00019.04, -00905.76 ], Gyr (DPS) [ -00000.44, -00000060 ], Mag (uT) [ -00800840.05 ], Tmp (C) [ 0
.66,  0, -000026.600079 ], Mag (uT) [ 7500009.45.15 ], Tmp (C) [ 027.Scaled. Acc (mg) [ -00449.22,  00334.47, -02000.00 ], Gyr (DPS) [  00054.16,  00006.61, -000114.005, 00 026.83 ]
.05,  00021.00, -00834.96 ], Gyr (DPS) [  00018.98.15, -00021.3913.,  .7-00010 ], Tmp (C) [  08 ]
,  000435, -00950.68 ], Gyr (DPS) [  00006.63,  00004.39, -00012.9938.70, -040 ], Tmp (C) [  83Scaled. Acc (mg) [ -00180.18,  -00986.8.85, -00001.79, -00007.83 ], Mag (uT) [ -0145,  000.70, -3500026.3 ]
3,  00029-00942.82.58, -00013.95,  9026.Scaled. Acc (mg) [ -00216.80, 47 ], Gyr (DPS) [  00002.36,  00001.71,  0263Scaled. Acc (mg) [ -00184.57, 77,  00400014.8 00200006526.98 ]
Scaled. Acc (mg) [ -0019900028.81, -12 ], Gyr (DPS) [ -00002.02,  00003.400000.50 ], Mag (uT) [ 0,  008.25, 0040.05 ], Tmp (C) [  0026.8Scaled. Acc (mg) [ -00220.70030.76, 0000066, -0000 ], Mag (uT) [ 85, 8.25, 000.62, -00947.01.48.11.4.700.400.55 ], Tmp (C) [ 026.74 ]
Scaled. Acc (mg) [ -00220.70035.64, -00962.40 ], Gyr (DPS) [  00001.82, -00000.07,  0002.015.15, 7., -20Scaled. Acc (mg) [ -00219.24 00043.46, -00955.08 ], Gyr (DPS) [ -00000.15,  00000.69,  00001.88 ], Mag (uT) [ -00015.8.10, .00 ], Tmp (C) [  000 ]
.26,  000, -00960.45 ], Gyr (DPS) [ 73, -00001.02,  020 ], Mag (uT) [ - 000050, -0003930 ], Tmp (C) [  0002693 ]Scaled. Acc (mg) [ -00218.26,  0002600950.68 ], Gyr (DPS) [  00001.79,  00000.48, -00000.15 ], Mag (uT) [ .65,  00006., -00039.45 ], Tmp (C) [  0Scaled. Acc (mg) [ -00213.38,  00022.46.07,  0000 ], Mag (uT) [ -00015.3 004093Scaled. Acc (mg) [ -00215.33,  00032.23, -00959.96 ], Gyr (DPS) [ -00001.63,  000.53, -2. ], Mag (uT) [ -,  0000, 40. ], Tmp (C) [  9 ]
4,  00028.81, -00959.96 ], Gyr (DPS) [  00000.44,  00000.18,  00003.24 ], Mag (uT) [ -00014.70,  00008.439.15 ], Tmp (C) [  000263 ]
Scaled. Acc (mg) [ -00216.80,  00024.41, -00952.64 ], Gyr (DPS) [  00000.99,  00000.90, 0000.10 ], Mag (uT) [ -00015.30,  .50, -00040.05 ], Tmp (C) [  00026.5Scaled. Acc (mg) [ -00214.3.92, -00957.52 ], Gyr (DPS) [  00000001.00013.95,  000035, -00039 ], Tmp (C) [  00012 ]
3,  00025.390 ], Gyr (DPS) [ 00003.29, -06000042.00 ], Tmp (C) [  00026.98 ]Scaled. Acc (mg) [ -00212.40,  00034.18, -00945.80 ], Gyr (DPS) [ -00000.02, 002.74,  00 00008-00040.95 ], Tmp (C) [  026. ]
Scaled. Acc (mg) [ -00206.05,  00025.88, -001.43, -00001.44 ], Mag (uT) [ -08.10, -00000026Scaled. Acc (mg) [ -00217.29,  00039.06, -00966.31 ], Gyr (DPS) [  00000.87,  00000.35,  000.89 ], Mag (uT) [ -00013.20,  00008.10, -40.20 ], Tmp (C) [  00026.83 ]
Scaled. Acc (mg) [ -00204.10,  00029.79, -00932.62 ], Gyr (DPS) [  00001.27, -00002.08,  00003.21 ], Mag (uT) [ -00014.40,  00010, -00040.20 ], Tmp (C) [ 026.83 ]
34,  00040.53, -00938.48 ], Gyr (DPS) [  00001.05,  00002.75,  00002.95 ], Mag (uT) [ -00012.00,  00006.75, -00041. ], Tmp (C) [  00026.93 ]
Scaled. Acc (mg) [ -00220.70,  00027.83, -00950.68 ], Gyr (DPS) [ -00000.01,  00002.31, -00000.56 ], Mag (uT) [ -00013.50,  00006.00, -00040.65 ], Tmp (C) [  00026.74 ]
Scaled. Acc (mg) [ -00211.91,  00038.57, -00947.75 ], Gyr (DPS) [  00000.88,  00001.17, -00000.61 ], Mag (uT) [ -0000,  00007.35, -000415 ], Tmp (C) [  00026.83 ]
Scaled. Acc (mg) [ -00207.52,  00024.90, -00941.89 ], Gyr (DPS) [ -00002.88,  00001.74000300014.40,  00008.0015 ], Tmp (C) [  .12Scaled. Acc (mg) [ -001,  0 ], Mag (uT) [ -14.85, 0020.6 026.78 ]Scaled. Acc (mg) [ -00223.14,  00039.55, -00953.61 ], Gyr (DPS) [  00000.67,  00001.30,  000004 ], Mag (uT) [ -0005, 0085, 0041.10 ], Tmp (C) [ Scaled. Acc (mg) [ -00212.831.-00937.50 ], Gyr (DPS) [  00002.44,  00002.02,  00002.92 ], Mag (uT) [ -00013.95,  000.60, -040.7
40,  0041, -000.29, 24, -02.02 ], Mag (uT) [ -0001340, -0 ], Tmp (C) [  98 ]
Scaled. Acc (mg) [ -00209.47,  00026.86, -00952.64 ], Gyr (DPS) [ -00001.44,  002. 0 ], Mag (uT) [ -12.,  00006.15, -00040.2000268 ]
Scaled. Acc (mg) [ -00200,  00027.34, -00965.33 ], Gyr (DPS) [ -00000.82,  00004.63, -00002.66 ], Mag (uT) [ -00013.20,  00, -00040. ], Tmp (C) [  00026.98 ]
Scaled. Acc (mg) [ -00210.45,  00029.30, -00948.24 ], Gyr (DPS) [  00000.74, -058, -00001.82 ], Mag (uT) [ -00014.55,  00008.25, 040.35 ], Tmp (C) [  00026.78 ]
Scaled. Acc (mg) [ -00205.08,  00038.09, -00943.85 ], Gyr (DPS) [  00001.58,  00002.69,  000.30 ], Mag (uT) [ -00013.20,  00008.40, -00039.75 ], Tmp (C) [  00026.83 ]
Scaled. Acc (mg) [ -00213.87,  00047.36, -00955.08 ], Gyr (DPS) [  00002.67,  00002.38,  00000.15 ], Mag (uT) [ -00014.85,  007.20, -000 00.93 ]
Scaled. Acc (mg) [ -00201.66,  081, -00956.54 ], Gyr (DPS) [  00001.73,  00001.6 02715.30,  00008.25, 040.5 ], Tmp (C) [  00026.93Scaled. Acc (mg) [ -00.05,  00029.30, -00956.54 ], Gyr (DPS) [ -00000.27, -000.44, -00000.79 ], Mag (uT) [ -00015.60,  00007.20, -000405 ], Tmp (C) [  0098Scaled. Acc (mg) [ -00209.47,  00040.53, -0000001.97,  000050 ], Mag (uT) [ -00 008.10, -00038.40 ], Tmp (C) [  00027.02 ]
Scaled. Acc (mg) [ -00207.5295, -00003. ], Mag (uT) [ -00013.20,  00008.85, -00039. ], Tmp (C) [  27.12 ]
207.03,  00027.01.4,  0000, 0038.70 ], Tmp (C) [  00026.83 ]
0, -00951.660002.99, -00001.82 ], Mag (uT) [ -00013.80,  09.00, -00041.10 ], Tmp (C) [  000263 ]
Scaled. Acc (mg) [ -0022.4971.68 ], Gyr (DPS) [  00001.00.8 000.02 ], Mag (uT) [ -00014.40, 007.65, -0002564 ]
68,  00023., -00970.70 ], Gyr (DPS) [  00001.33,  00000.21, -00000.2800007.20, -0Scaled. Acc (mg) [ -00211.430031.25, -00-00000.02, -000000002.73 ], Mag (uT) [ .40,  0008.40, -00040.0 ], Tmp (C) [ 26.93 ]
Scaled. Acc (mg) [ -00207,  000.2.7.65, 0415 ], Tmp (C) [ Scaled. Acc (mg) [ -00203.00000.40 ], Mag (uT) [ -00014.55,  00007.50, -00 ], Tmp (C) [  26.93 ]
,  00032.23, -00957.52 ], Gyr (DPS) [ -00001.40,  00002.72, -00001.58 ], Mag (uT) [ -00013.50,  00008.25, -00039.30 ], Tmp (C) [  00026.93 ]
Scaled. Acc (mg) [ -00212.89,  00028.81, -00957.03 ], Gyr (DPS) [ -00000.89,  00003.29, -00001.11 ], Mag (uT) [ -00014.40,  000075, 41.250026Scaled. Acc (mg) [ -00209.96,  00041.99, -00.99,  000013,  0000000 0026.Scaled. Acc (mg) [ -00213.90, -00953.120.61-00014.85,  0000 026.
05,  00042.97, -00948.29, -00000.-0003926.83Scaled. Acc (mg) [ -00202.45, -000 0.65, 041.226.74Scaled. Acc (mg) [ -00212.40.27, -004 ], Mag (uT) [ -00013..50, -00041.10 ], Tmp (C) [  00026.98 ]
Scaled. Acc (mg) [ -00213.38, 6, -05 ], Gyr (DPS) [  0025, 00-00.513.65008., -00040.2 ], Tmp (C) [  00026.9
,  00945.000., -00.613.28.00 ], Tmp (C) [  0008 ]
5,  00042.48951.17 ], Gyr (DPS) [ 000.89,  0,  0000 ], Mag (uT) [ -00012.90,  10, -0040Scaled. Acc (mg) [ -00212.8,  00014.65, -00954.11,  0007, 04.69,  00004026.
 00019.5.01 ], Gyr (DPS) [  00001.15,  00000.79,  00001. ], Mag (uT) [ -0, 008.2, -05 ], Tmp (C) [  007
Scaled. Acc (mg) [ -00205.57-0 00001.41,  000035 ], Mag (uT) [ -00013.80,  00007.50, -00040.05 ], Tmp (C) [  00026.93 ]
Scaled. Acc (mg) [ -00209.96,  00039.06, -009531 ], Gyr (DPS) [  00001.68, -0000.45 ], Mag (uT) [ -00014.5500009.00, 040.0 00074Scaled. Acc (mg) [ -00205.57,  00039.55, -00957.03 ], Gyr (DPS) [ -00000.77,  00001.46,  001.21 ], Mag (uT) [ 07.50, -000.65 ], Tmp (C) [  000Scaled. Acc (mg) [ -00215.33,  00037.11, -00965. ], Mag (uT) [ -00012.7.25, -00.35 ], Tmp (C) [  0074Scaled. Acc (mg) [ -00201. 001.92, -4 ], Mag (uT) [ -00014009.00, -041.4 00027.17 ]Scaled. Acc (mg) [ -00205.08,  00024.41, -00951.6605,  00000.71,  00002.350013.50,  00007.95, -040.0526.93 ]
50,  00028.81, -002 ], Gyr (DPS) [  0000107, -00000.00000.54 ], Mag (uT) [ -00012.90,  00008.10, -00040.20 ], Tmp (C) [  0093 ]
Scaled. Acc (mg) [ -00211.91,  00046.39, -00953.61 ], Gyr (DPS) [  00002.05,  00002.01,  00000.23 ], Mag (uT) [ -00014.70,  000065, -00040.50 ], Tmp (C) [  00026.93 ]
Scaled. Acc (mg) [ -00206.54,  00026.86, -00950.68 ], Gyr (DPS) [  00000.51,  00005.04,  00000.89 ], Mag (uT) [ -00014.25, 007.50, -00040.35 ], Tmp (C) [  00026.74 ]
Scaled. Acc (mg) [ -00206. 000250000-00002.05 ], Mag (uT) [ -00014.85,  07.542.15 ], Tmp (C) [  00026.98Scaled. Acc (mg) [ -00218.26,  00